season,size_class,hour,kwh
summer,small,0,0.2244
summer,small,1,0.2223
summer,small,2,0.2231
summer,small,3,0.224
summer,small,4,0.2318
summer,small,5,0.2099
summer,small,6,0.1628
summer,small,7,0.1703
summer,small,8,0.1561
summer,small,9,0.1754
summer,small,10,0.1777
summer,small,11,0.1703
summer,small,12,0.1773
summer,small,13,0.1881
summer,small,14,0.1869
summer,small,15,0.1815
summer,small,16,0.1705
summer,small,17,0.1541
summer,small,18,0.1407
summer,small,19,0.1693
summer,small,20,0.2126
summer,small,21,0.2314
summer,small,22,0.2319
summer,small,23,0.2289
summer,medium,0,0.6795
summer,medium,1,0.6204
summer,medium,2,0.6022
summer,medium,3,0.5806
summer,medium,4,0.529
summer,medium,5,0.4854
summer,medium,6,0.4453
summer,medium,7,0.4268
summer,medium,8,0.3945
summer,medium,9,0.3986
summer,medium,10,0.4147
summer,medium,11,0.4288
summer,medium,12,0.4431
summer,medium,13,0.4776
summer,medium,14,0.532
summer,medium,15,0.5545
summer,medium,16,0.4606
summer,medium,17,0.3877
summer,medium,18,0.3796
summer,medium,19,0.3891
summer,medium,20,0.4667
summer,medium,21,0.5318
summer,medium,22,0.6081
summer,medium,23,0.6821
summer,large,0,1.8479
summer,large,1,1.7961
summer,large,2,1.7052
summer,large,3,1.5899
summer,large,4,1.4513
summer,large,5,1.119
summer,large,6,0.8751
summer,large,7,0.7066
summer,large,8,0.599
summer,large,9,0.6143
summer,large,10,0.5337
summer,large,11,0.6022
summer,large,12,0.7063
summer,large,13,0.7517
summer,large,14,0.8191
summer,large,15,0.8887
summer,large,16,0.7732
summer,large,17,0.6353
summer,large,18,0.5891
summer,large,19,0.7771
summer,large,20,1.1306
summer,large,21,1.4866
summer,large,22,1.8412
summer,large,23,1.898
monsoon,small,0,0.2005
monsoon,small,1,0.2003
monsoon,small,2,0.2011
monsoon,small,3,0.1993
monsoon,small,4,0.2006
monsoon,small,5,0.1938
monsoon,small,6,0.1644
monsoon,small,7,0.1653
monsoon,small,8,0.1474
monsoon,small,9,0.1657
monsoon,small,10,0.1725
monsoon,small,11,0.1702
monsoon,small,12,0.1673
monsoon,small,13,0.17
monsoon,small,14,0.1699
monsoon,small,15,0.1626
monsoon,small,16,0.1542
monsoon,small,17,0.1506
monsoon,small,18,0.1513
monsoon,small,19,0.1795
monsoon,small,20,0.2059
monsoon,small,21,0.2172
monsoon,small,22,0.2074
monsoon,small,23,0.2016
monsoon,medium,0,0.5019
monsoon,medium,1,0.4867
monsoon,medium,2,0.4619
monsoon,medium,3,0.4501
monsoon,medium,4,0.4389
monsoon,medium,5,0.4096
monsoon,medium,6,0.3435
monsoon,medium,7,0.4101
monsoon,medium,8,0.3815
monsoon,medium,9,0.3509
monsoon,medium,10,0.3283
monsoon,medium,11,0.3281
monsoon,medium,12,0.3407
monsoon,medium,13,0.3684
monsoon,medium,14,0.3902
monsoon,medium,15,0.3933
monsoon,medium,16,0.3676
monsoon,medium,17,0.331
monsoon,medium,18,0.3267
monsoon,medium,19,0.3742
monsoon,medium,20,0.4328
monsoon,medium,21,0.4911
monsoon,medium,22,0.5199
monsoon,medium,23,0.5081
monsoon,large,0,1.5201
monsoon,large,1,1.4275
monsoon,large,2,1.3696
monsoon,large,3,1.3009
monsoon,large,4,1.2161
monsoon,large,5,1.0782
monsoon,large,6,0.8783
monsoon,large,7,0.7207
monsoon,large,8,0.5785
monsoon,large,9,0.4992
monsoon,large,10,0.5275
monsoon,large,11,0.588
monsoon,large,12,0.6574
monsoon,large,13,0.7441
monsoon,large,14,0.8671
monsoon,large,15,0.9242
monsoon,large,16,0.8648
monsoon,large,17,0.752
monsoon,large,18,0.7062
monsoon,large,19,0.8097
monsoon,large,20,1.0324
monsoon,large,21,1.3535
monsoon,large,22,1.5701
monsoon,large,23,1.6132
winter,small,0,0.0574
winter,small,1,0.0585
winter,small,2,0.0614
winter,small,3,0.0614
winter,small,4,0.0598
winter,small,5,0.0657
winter,small,6,0.1076
winter,small,7,0.1395
winter,small,8,0.188
winter,small,9,0.133
winter,small,10,0.1126
winter,small,11,0.1211
winter,small,12,0.0831
winter,small,13,0.0716
winter,small,14,0.0802
winter,small,15,0.0832
winter,small,16,0.073
winter,small,17,0.0951
winter,small,18,0.116
winter,small,19,0.1178
winter,small,20,0.1155
winter,small,21,0.0938
winter,small,22,0.0689
winter,small,23,0.0562
winter,medium,0,0.085
winter,medium,1,0.0804
winter,medium,2,0.0766
winter,medium,3,0.0796
winter,medium,4,0.0755
winter,medium,5,0.0845
winter,medium,6,0.2321
winter,medium,7,0.2282
winter,medium,8,0.2194
winter,medium,9,0.1714
winter,medium,10,0.1706
winter,medium,11,0.1847
winter,medium,12,0.1732
winter,medium,13,0.1572
winter,medium,14,0.1526
winter,medium,15,0.1257
winter,medium,16,0.1222
winter,medium,17,0.1436
winter,medium,18,0.1676
winter,medium,19,0.1748
winter,medium,20,0.1973
winter,medium,21,0.2128
winter,medium,22,0.1968
winter,medium,23,0.1346
winter,large,0,0.1692
winter,large,1,0.1643
winter,large,2,0.1715
winter,large,3,0.1695
winter,large,4,0.1733
winter,large,5,0.1862
winter,large,6,0.3286
winter,large,7,0.4223
winter,large,8,0.4537
winter,large,9,0.4944
winter,large,10,0.5324
winter,large,11,0.5006
winter,large,12,0.4299
winter,large,13,0.3297
winter,large,14,0.2554
winter,large,15,0.2419
winter,large,16,0.2576
winter,large,17,0.3051
winter,large,18,0.3523
winter,large,19,0.3811
winter,large,20,0.3685
winter,large,21,0.3118
winter,large,22,0.2406
winter,large,23,0.1872
